scope,input,n,algo,millis,compares,moves,extraBytes,maxDepth,sorted,stable
kinds,random,4000,quickSort,0.713,53143,78075,8,7,1,1
kinds,random,4000,mergeSort,0.92,45482,66293,16016,13,1,1
kinds,random,4000,heapSort,1.159,83455,133131,8,1,1,1
kinds,sorted,4000,quickSort,0.189,39917,12282,8,11,1,1
kinds,sorted,4000,mergeSort,0.029,3999,0,16016,13,1,1
kinds,sorted,4000,heapSort,1.223,86576,141426,8,1,1,1
kinds,reversed,4000,quickSort,0.469,41684,68478,8,11,1,1
kinds,reversed,4000,mergeSort,0.658,28175,71632,16016,13,1,1
kinds,reversed,4000,heapSort,1.147,80151,124308,8,1,1,1
kinds,few-unique,4000,quickSort,3.072,1012386,45018,8,3,1,0
kinds,few-unique,4000,mergeSort,0.785,43767,63649,16016,13,1,1
kinds,few-unique,4000,heapSort,1.094,75542,116982,8,1,1,0
growth,random,1000,quickSort,0.162,11097,18960,8,7,1,1
growth,random,1000,mergeSort,0.187,9350,13498,4016,11,1,1
growth,random,1000,heapSort,0.246,16808,27156,8,1,1,1
growth,random,2000,quickSort,0.342,25093,37713,8,7,1,1
growth,random,2000,mergeSort,0.399,20730,30114,8016,12,1,1
growth,random,2000,heapSort,0.544,37684,60447,8,1,1,1
growth,random,4000,quickSort,0.731,53143,78075,8,7,1,1
growth,random,4000,mergeSort,1.002,45482,66293,16016,13,1,1
growth,random,4000,heapSort,1.319,83455,133131,8,1,1,1
growth,random,8000,quickSort,1.694,117066,179769,8,9,1,1
growth,random,8000,mergeSort,2.169,99012,144671,32016,14,1,1
growth,random,8000,heapSort,2.621,182934,290199,8,1,1,1
